name,place_type,place_group,parent_place,aliases,covered_localities,supported_airport_slugs
Westminster,london_borough,London and nearby places,,City of Westminster,Mayfair; Soho; Pimlico,heathrow-airport-taxi; gatwick-airport-taxi; stansted-airport-taxi; luton-airport-taxi; london-city-airport-taxi; southend-airport-taxi
City of London,city,London and nearby places,,The City; Square Mile,Barbican; Farringdon,heathrow-airport-taxi; gatwick-airport-taxi; stansted-airport-taxi; luton-airport-taxi; london-city-airport-taxi; southend-airport-taxi
Camden,london_borough,London and nearby places,,Camden Town,Kentish Town; Hampstead; King's Cross,heathrow-airport-taxi; gatwick-airport-taxi; stansted-airport-taxi; luton-airport-taxi; london-city-airport-taxi; southend-airport-taxi
Kensington and Chelsea,london_borough,London and nearby places,,Royal Borough of Kensington and Chelsea,Notting Hill; Chelsea; South Kensington,heathrow-airport-taxi; gatwick-airport-taxi; stansted-airport-taxi; luton-airport-taxi; london-city-airport-taxi; southend-airport-taxi
Hammersmith and Fulham,london_borough,London and nearby places,,Hammersmith & Fulham,Hammersmith; Fulham; Shepherd's Bush,heathrow-airport-taxi; gatwick-airport-taxi; stansted-airport-taxi; luton-airport-taxi; london-city-airport-taxi; southend-airport-taxi
Ealing,london_borough,London and nearby places,,London Borough of Ealing,Acton; Hanwell; Southall,heathrow-airport-taxi; gatwick-airport-taxi; stansted-airport-taxi; luton-airport-taxi; london-city-airport-taxi; southend-airport-taxi
Hillingdon,london_borough,London and nearby places,,London Borough of Hillingdon,Hayes; Uxbridge; Ruislip,heathrow-airport-taxi; gatwick-airport-taxi; stansted-airport-taxi; luton-airport-taxi; london-city-airport-taxi; southend-airport-taxi
Tower Hamlets,london_borough,London and nearby places,,London Borough of Tower Hamlets,Canary Wharf; Whitechapel; Bethnal Green,heathrow-airport-taxi; gatwick-airport-taxi; stansted-airport-taxi; luton-airport-taxi; london-city-airport-taxi; southend-airport-taxi
Greenwich,london_borough,London and nearby places,,Royal Borough of Greenwich,Greenwich Peninsula; Woolwich; Charlton,heathrow-airport-taxi; gatwick-airport-taxi; stansted-airport-taxi; luton-airport-taxi; london-city-airport-taxi; southend-airport-taxi
Croydon,london_borough,London and nearby places,,London Borough of Croydon,Thornton Heath; Purley; Crystal Palace,heathrow-airport-taxi; gatwick-airport-taxi; stansted-airport-taxi; luton-airport-taxi; london-city-airport-taxi; southend-airport-taxi
